video_filename,video_id,play_outcome,runner_base,date,teams,batter,pitcher,exit_velocity,launch_angle,hit_distance,hangtime,has_statcast,video_url,download_status,notes
duoduo_sac_fly_001.mp4,duoduo_sac_fly_001,safe,3B,2025/11/1,LAD @ TOR,Hernandez,Scherzer,109.8,16,305,NA,yes,https://www.mlb.com/video/teoscar-hernandez-out-on-a-sacrifice-fly-to-center-fielder-daulton-varsho?q=HitResult%20%3D%20%5B%22Sacrifice%22%5D%20AND%20ExitVelocity%20%3D%20%7B%7B%2050%2C%20264%20%7D%7D%20Order%20By%20Timestamp%20DESC&cp=MIXED&p=0,success,NA
duoduo_sac_fly_002.mp4,duoduo_sac_fly_002,safe,3B,2025/11/1,LAD@TOR,Edman,Bassitt,78.6,39,273,NA,yes,https://www.mlb.com/video/tommy-edman-out-on-a-sacrifice-fly-to-center-fielder-daulton-varsho-mooki?q=HitResult%20%3D%20%5B%22Sacrifice%22%5D%20AND%20ExitVelocity%20%3D%20%7B%7B%2050%2C%20264%20%7D%7D%20Order%20By%20Timestamp%20DESC&cp=MIXED&p=0,success,NA
duoduo_sac_fly_003.mp4,duoduo_sac_fly_003,safe,3B,2025/10/29,TOR@LAD,Clement,Snell,96.5,18,310,NA,yes,https://www.mlb.com/video/ernie-clement-out-on-a-sacrifice-fly-to-center-fielder-enrique-hernandez?q=ExitVelocity%20%3D%20%7B%7B%2050%2C%20264%20%7D%7D%20AND%20HitResult%20%3D%20%5B%22Sacrifice%22%5D%20Order%20By%20Timestamp%20DESC&cp=MIXED&p=0,success,NA
duoduo_sac_fly_004.mp4,duoduo_sac_fly_004,safe,3B,2025/10/13,SEA@TOR,Crawford,Bassitt,92.1,20,293,NA,yes,https://www.mlb.com/video/j-p-crawford-out-on-a-sacrifice-fly-to-center-fielder-daulton-varsho-euge?q=ExitVelocity%20%3D%20%7B%7B%2050%2C%20264%20%7D%7D%20AND%20HitResult%20%3D%20%5B%22Sacrifice%22%5D%20Order%20By%20Timestamp%20DESC&cp=MIXED&p=0,success,NA
duoduo_sac_fly_005.mp4,duoduo_sac_fly_005,safe,3B,2025/10/7,TOR@NYY,Stanton,Bieber,103.8,25,405,NA,yes,https://www.mlb.com/video/giancarlo-stanton-out-on-a-sacrifice-fly-to-center-fielder-daulton-varsho?q=ExitVelocity%20%3D%20%7B%7B%2050%2C%20264%20%7D%7D%20AND%20HitResult%20%3D%20%5B%22Sacrifice%22%5D%20Order%20By%20Timestamp%20DESC&cp=MIXED&p=0,success,NA
duoduo_sac_fly_006.mp4,duoduo_sac_fly_006,safe,3B,2025/10/25,LAD@TOR,Kirk,Yamamoto,102.1,39,338,NA,yes,https://www.mlb.com/video/yoshinobu-yamamoto-in-play-run-s-to-alejandro-kirk?q=ExitVelocity%20%3D%20%7B%7B%2050%2C%20264%20%7D%7D%20AND%20HitResult%20%3D%20%5B%22Sacrifice%22%5D%20Order%20By%20Timestamp%20DESC&cp=MIXED&p=0,success,NA
duoduo_sac_fly_007.mp4,duoduo_sac_fly_007,safe,3B,2025/10/8,MIL@CHC,Frelick,Taillon,82.9,37,273,NA,yes,https://www.mlb.com/video/sal-frelick-s-sac-fly?q=ExitVelocity%20%3D%20%7B%7B%2050%2C%20264%20%7D%7D%20AND%20HitResult%20%3D%20%5B%22Sacrifice%22%5D%20Order%20By%20Timestamp%20DESC&cp=MIXED&p=0,success,NA
duoduo_sac_fly_008.mp4,duoduo_sac_fly_008,safe,3B,2025/9/26,DET@BOS,Lowe,Finnegan,96.6,39,347,NA,yes,https://www.mlb.com/video/nathaniel-lowe-s-sacrifice-fly?q=HitResult%20%3D%20%5B%22Sacrifice%22%5D%20AND%20ExitVelocity%20%3D%20%7B%7B%2050%2C%20264%20%7D%7D%20Order%20By%20Timestamp%20DESC&cp=MIXED&p=0,success,NA
duoduo_sac_fly_009.mp4,duoduo_sac_fly_009,safe,3B,2025/9/26,MIN@PHI,Bohm,Ryan,94,23,289,NA,yes,https://www.mlb.com/video/joe-ryan-in-play-run-s-to-alec-bohm?q=HitResult%20%3D%20%5B%22Sacrifice%22%5D%20AND%20ExitVelocity%20%3D%20%7B%7B%2050%2C%20264%20%7D%7D%20Order%20By%20Timestamp%20DESC&cp=MIXED&p=0,success,NA
duoduo_sac_fly_010.mp4,duoduo_sac_fly_010,safe,3B,2025/9/25,CWS@NYY,Julks,Rod贸n,97.6,25,374,NA,yes,https://www.mlb.com/video/corey-julks-out-on-a-sacrifice-fly-to-center-fielder-trent-grisham-miguel?q=HitResult%20%3D%20%5B%22Sacrifice%22%5D%20AND%20ExitVelocity%20%3D%20%7B%7B%2050%2C%20264%20%7D%7D%20Order%20By%20Timestamp%20DESC&cp=MIXED&p=0,success,NA
duoduo_sac_fly_011.mp4,duoduo_sac_fly_011,safe,3B,2025/9/25,TB@BAL,Palacios,Povich,86.1,34,324,NA,yes,https://www.mlb.com/video/richie-palacios-out-on-a-sacrifice-fly-to-center-fielder-colton-cowser-junior-ca?q=HitResult%20%3D%20%5B%22Sacrifice%22%5D%20AND%20ExitVelocity%20%3D%20%7B%7B%2050%2C%20264%20%7D%7D%20Order%20By%20Timestamp%20DESC&cp=MIXED&p=0,success,NA
duoduo_sac_fly_012.mp4,duoduo_sac_fly_012,safe,3B,2025/9/24,NYM @ CHC,Crow-Armstrong,Lovelady,80.7,42,277,NA,yes,https://www.mlb.com/video/pete-crow-armstrong-s-sac-fly?q=HitResult%20%3D%20%5B%22Sacrifice%22%5D%20AND%20ExitVelocity%20%3D%20%7B%7B%2050%2C%20264%20%7D%7D%20Order%20By%20Timestamp%20DESC&cp=MIXED&p=0,success,NA
duoduo_sac_fly_013.mp4,duoduo_sac_fly_013,safe,3B,2025/9/24,LAD @ ARI,Betts,Nelson,89.6,43,294,NA,yes,https://www.mlb.com/video/ryne-nelson-in-play-run-s-to-mookie-betts?q=HitResult%20%3D%20%5B%22Sacrifice%22%5D%20AND%20ExitVelocity%20%3D%20%7B%7B%2050%2C%20264%20%7D%7D%20Order%20By%20Timestamp%20DESC&cp=MIXED&p=0,success,NA
duoduo_sac_fly_014.mp4,duoduo_sac_fly_014,safe,3B,2025/9/20,SEA @ HOU,Robles,Valdez,85,36,321,NA,yes,https://www.mlb.com/video/victor-robles-out-on-a-sacrifice-fly-to-left-fielder-jesus-sanchez-josh-naylor-s?q=ExitVelocity%20%3D%20%7B%7B%2050%2C%20264%20%7D%7D%20AND%20HitResult%20%3D%20%5B%22Sacrifice%22%5D%20Order%20By%20Timestamp%20DESC&cp=MIXED&p=1,success,NA
duoduo_sac_fly_015.mp4,duoduo_sac_fly_015,safe,3B,2025/9/19,MIA @ TEX,Burger,Soriano,102.4,36,368,NA,yes,https://www.mlb.com/video/george-soriano-in-play-out-s-to-jake-burger?q=ExitVelocity%20%3D%20%7B%7B%2050%2C%20264%20%7D%7D%20AND%20HitResult%20%3D%20%5B%22Sacrifice%22%5D%20Order%20By%20Timestamp%20DESC&cp=MIXED&p=1,success,NA
duoduo_sac_fly_016.mp4,duoduo_sac_fly_016,safe,3B,2025/9/19,LAA @ COL,Crim,Farris,89.2,24,336,NA,yes,https://www.mlb.com/video/mitch-farris-in-play-run-s-to-blaine-crim?q=ExitVelocity%20%3D%20%7B%7B%2050%2C%20264%20%7D%7D%20AND%20HitResult%20%3D%20%5B%22Sacrifice%22%5D%20Order%20By%20Timestamp%20DESC&cp=MIXED&p=1,success,NA
duoduo_sac_fly_017.mp4,duoduo_sac_fly_017,safe,3B,2025/9/19,LAA @ COL,Tovar,Silseth,81,30,313,NA,yes,https://www.mlb.com/video/chase-silseth-in-play-run-s-to-ezequiel-tovar?q=ExitVelocity%20%3D%20%7B%7B%2050%2C%20264%20%7D%7D%20AND%20HitResult%20%3D%20%5B%22Sacrifice%22%5D%20Order%20By%20Timestamp%20DESC&cp=MIXED&p=1,success,NA
duoduo_sac_fly_018.mp4,duoduo_sac_fly_018,safe,3B,2025/9/24,STL @ SF,Arenado,Butt贸,94.3,29,358,NA,yes,https://www.mlb.com/video/nolan-arenado-out-on-a-sacrifice-fly-to-center-fielder-jung-hoo-lee-ivan?q=HitResult%20%3D%20%5B%22Sacrifice%22%5D%20AND%20ExitVelocity%20%3D%20%7B%7B%2094%2C%20264%20%7D%7D%20Order%20By%20Timestamp%20DESC&cp=MIXED&p=0,success,NA
duoduo_sac_fly_019.mp4,duoduo_sac_fly_019,safe,3B,2025/9/24,LAD @ AZ,Moreno,Snell,97.5,17,321,NA,yes,https://www.mlb.com/video/gabriel-moreno-out-on-a-sacrifice-fly-to-left-fielder-andy-pages-ketel-ma?q=HitResult%20%3D%20%5B%22Sacrifice%22%5D%20AND%20ExitVelocity%20%3D%20%7B%7B%2094%2C%20264%20%7D%7D%20Order%20By%20Timestamp%20DESC&cp=MIXED&p=0,success,NA
duoduo_sac_fly_020.mp4,duoduo_sac_fly_020,safe,3B,2025/9/23,TB @ BAL,Henderson,Pepiot,102.5,35,372,NA,yes,https://www.mlb.com/video/gunnar-henderson-out-on-a-sacrifice-fly-to-left-fielder-jake-mangum-jackson-holl?q=HitResult%20%3D%20%5B%22Sacrifice%22%5D%20AND%20ExitVelocity%20%3D%20%7B%7B%2094%2C%20264%20%7D%7D%20Order%20By%20Timestamp%20DESC&cp=MIXED&p=0,success,NA
duoduo_sac_fly_021.mp4,duoduo_sac_fly_021,safe,3B,2025/9/24,STL @ SF,Knizner,Gray,96.2,37,350,NA,yes,https://www.mlb.com/video/andrew-knizner-out-on-a-sacrifice-fly-to-right-fielder-jordan-walker-christian-k?q=HitResult%20%3D%20%5B%22Sacrifice%22%5D%20AND%20ExitVelocity%20%3D%20%7B%7B%2094%2C%20264%20%7D%7D%20Order%20By%20Timestamp%20DESC&cp=MIXED&p=0,success,NA
duoduo_sac_fly_022.mp4,duoduo_sac_fly_022,safe,3B,2025/9/21,MIA @ TEX,Navarreto,Winn,98.5,27,386,NA,yes,https://www.mlb.com/video/brian-navarreto-out-on-a-sacrifice-fly-to-center-fielder-michael-helman-g?q=HitResult%20%3D%20%5B%22Sacrifice%22%5D%20AND%20ExitVelocity%20%3D%20%7B%7B%2094%2C%20264%20%7D%7D%20Order%20By%20Timestamp%20DESC&cp=MIXED&p=0,success,NA
duoduo_sac_fly_023.mp4,duoduo_sac_fly_023,safe,3B,2025/9/20,PHI @ AZ,Realmuto,Gallen,95.7,28,365,NA,yes,https://www.mlb.com/video/j-t-realmuto-out-on-a-sacrifice-fly-to-center-fielder-alek-thomas-kyle-schwarber?q=HitResult%20%3D%20%5B%22Sacrifice%22%5D%20AND%20ExitVelocity%20%3D%20%7B%7B%2094%2C%20264%20%7D%7D%20Order%20By%20Timestamp%20DESC&cp=MIXED&p=0,success,NA
duoduo_sac_fly_025.mp4,duoduo_sac_fly_025,safe,3B,2025/9/20,MIA @ TEX,Wagaman,Leiter,103.2,16,306,NA,yes,https://www.mlb.com/video/jack-leiter-in-play-run-s-to-eric-wagaman?q=HitResult%20%3D%20%5B%22Sacrifice%22%5D%20AND%20ExitVelocity%20%3D%20%7B%7B%2094%2C%20264%20%7D%7D%20Order%20By%20Timestamp%20DESC&cp=MIXED&p=0,success,NA
duoduo_sac_fly_026.mp4,duoduo_sac_fly_026,safe,3B,2025/9/17,MIA @ COL,Fulford,Weathers,94,45,343,NA,yes,https://www.mlb.com/video/braxton-fulford-out-on-a-sacrifice-fly-to-right-fielder-troy-johnston-bla?q=HitResult%20%3D%20%5B%22Sacrifice%22%5D%20AND%20ExitVelocity%20%3D%20%7B%7B%2094%2C%20264%20%7D%7D%20Order%20By%20Timestamp%20DESC&cp=MIXED&p=0,success,NA
duoduo_sac_fly_026.mp4,duoduo_sac_fly_026,safe,3B,2025/9/28,ARI@SD,Cronenworth,Pfaadt,91.2,31,314,5,yes,https://www.mlb.com/video/brandon-pfaadt-in-play-run-s-to-jake-cronenworth-g07vlg?q=HitResult%20%3D%20%5B%22Sacrifice%22%5D%20AND%20ExitVelocity%20%3D%20%7B%7B%2050%2C%20264%20%7D%7D%20Order%20By%20Timestamp%20DESC&cp=MIXED&p=0,success,NA
duoduo_sac_fly_027.mp4,duoduo_sac_fly_027,safe,3B,2025/9/27,BAL@NYY,Bellinger,Wolfram,90.3,41,311,6,yes,https://www.mlb.com/video/cody-bellinger-out-on-a-sacrifice-fly-to-center-fielder-colton-cowser-ben?q=HitResult%20%3D%20%5B%22Sacrifice%22%5D%20AND%20ExitVelocity%20%3D%20%7B%7B%2050%2C%20264%20%7D%7D%20Order%20By%20Timestamp%20DESC&cp=MIXED&p=0,success,NA
duoduo_sac_fly_028.mp4,duoduo_sac_fly_028,safe,3B,2025/9/26,COL@SF,Eldridge,Hill,87,33,325,6,yes,https://www.mlb.com/video/jaden-hill-in-play-run-s-to-bryce-eldridge?q=HitResult%20%3D%20%5B%22Sacrifice%22%5D%20AND%20ExitVelocity%20%3D%20%7B%7B%2050%2C%20264%20%7D%7D%20Order%20By%20Timestamp%20DESC&cp=MIXED&p=0,success,NA
duoduo_sac_fly_029.mp4,duoduo_sac_fly_029,safe,3B,2025/9/28,KC@A's,Garcia,Ferguson,95.5,42,329,7,yes,https://www.mlb.com/video/maikel-garcia-out-on-a-sacrifice-fly-to-center-fielder-colby-thomas-carter-jense?q=HitResult%20%3D%20%5B%22Sacrifice%22%5D%20AND%20ExitVelocity%20%3D%20%7B%7B%2050%2C%20264%20%7D%7D%20Order%20By%20Timestamp%20DESC&cp=MIXED&p=0,success,NA
duoduo_sac_fly_030.mp4,duoduo_sac_fly_030,safe,3B,2025/9/26,CIN@MIL,Stephenson,Mears,98,46,301,9,yes,https://www.mlb.com/video/tyler-stephenson-out-on-a-sacrifice-fly-to-center-fielder-jackson-chourio-miguel?q=HitResult%20%3D%20%5B%22Sacrifice%22%5D%20AND%20ExitVelocity%20%3D%20%7B%7B%2050%2C%20264%20%7D%7D%20Order%20By%20Timestamp%20DESC&cp=MIXED&p=0,success,NA
duoduo_sac_fly_031.mp4,duoduo_sac_fly_031,safe,3B,2025/9/26,MIN@PHI,Bohm,Ryan,94,23,289,4,yes,https://www.mlb.com/video/joe-ryan-in-play-run-s-to-alec-bohm?q=HitResult%20%3D%20%5B%22Sacrifice%22%5D%20AND%20ExitVelocity%20%3D%20%7B%7B%2050%2C%20264%20%7D%7D%20Order%20By%20Timestamp%20DESC&cp=MIXED&p=0,success,NA
duoduo_sac_fly_032.mp4,duoduo_sac_fly_032,safe,3B,2025/9/25,CWS@NYY,Julks,Rodon,97.6,25,374,6,yes,https://www.mlb.com/video/corey-julks-out-on-a-sacrifice-fly-to-center-fielder-trent-grisham-miguel?q=HitResult%20%3D%20%5B%22Sacrifice%22%5D%20AND%20ExitVelocity%20%3D%20%7B%7B%2050%2C%20264%20%7D%7D%20Order%20By%20Timestamp%20DESC&cp=MIXED&p=0,success,NA
duoduo_sac_fly_033.mp4,duoduo_sac_fly_033,safe,3B,2025/9/24,LAD@ARI,Betts,Nelson,89.6,43,294,6,yes,https://www.mlb.com/video/ryne-nelson-in-play-run-s-to-mookie-betts?q=HitResult%20%3D%20%5B%22Sacrifice%22%5D%20AND%20ExitVelocity%20%3D%20%7B%7B%2050%2C%20264%20%7D%7D%20Order%20By%20Timestamp%20DESC&cp=MIXED&p=0,success,NA
duoduo_sac_fly_034.mp4,duoduo_sac_fly_034,safe,3B,2025/9/24,PIT@CIN,Lux,Moreta,96,36,343,7,yes,https://www.mlb.com/video/gavin-lux-out-on-a-sacrifice-fly-to-center-fielder-jack-suwinski-tj-fried?q=HitResult%20%3D%20%5B%22Sacrifice%22%5D%20AND%20ExitVelocity%20%3D%20%7B%7B%2050%2C%20264%20%7D%7D%20Order%20By%20Timestamp%20DESC&cp=MIXED&p=0,success,NA
duoduo_sac_fly_035.mp4,duoduo_sac_fly_035,safe,3B,2025/9/23,STL@SF,Barrosa,Scott,92.7,37,346,7,yes,https://www.mlb.com/video/tanner-scott-in-play-run-s-to-jorge-barrosa?q=HitResult%20%3D%20%5B%22Sacrifice%22%5D%20AND%20ExitVelocity%20%3D%20%7B%7B%2050%2C%20264%20%7D%7D%20Order%20By%20Timestamp%20DESC&cp=MIXED&p=0,success,NA
duoduo_sac_fly_036.mp4,duoduo_sac_fly_036,safe,3B,2025/9/23,TB@BAL,Westburg,Seymour,93.2,47,288,7,yes,https://www.mlb.com/video/ian-seymour-in-play-run-s-to-jordan-westburg?q=HitResult%20%3D%20%5B%22Sacrifice%22%5D%20AND%20ExitVelocity%20%3D%20%7B%7B%2050%2C%20264%20%7D%7D%20Order%20By%20Timestamp%20DESC&cp=MIXED&p=0,success,NA
duoduo_sac_fly_037.mp4,duoduo_sac_fly_037,safe,3B,2025/9/24,LAD@ARI,Moreno,Snell,97.5,17,321,4,yes,https://www.mlb.com/video/gabriel-moreno-out-on-a-sacrifice-fly-to-left-fielder-andy-pages-ketel-ma?q=HitResult%20%3D%20%5B%22Sacrifice%22%5D%20AND%20ExitVelocity%20%3D%20%7B%7B%2050%2C%20264%20%7D%7D%20Order%20By%20Timestamp%20DESC&cp=MIXED&p=0,success,NA
duoduo_sac_fly_038.mp4,duoduo_sac_fly_038,safe,3B,2025/9/22,WSH@ATL,Alvarez,Poulin,90,39,314,7,yes,https://www.mlb.com/video/pj-poulin-in-play-run-s-to-nacho-alvarez-jr?q=HitResult%20%3D%20%5B%22Sacrifice%22%5D%20AND%20ExitVelocity%20%3D%20%7B%7B%2050%2C%20264%20%7D%7D%20Order%20By%20Timestamp%20DESC&cp=MIXED&p=0,success,NA
duoduo_sac_fly_039.mp4,duoduo_sac_fly_039,safe,3B,2025/9/21,LAA@COL,Karros,Dana,90.5,35,340,5,yes,https://www.mlb.com/video/kyle-karros-out-on-a-sacrifice-fly-to-right-fielder-jo-adell-blaine-crim-scores?q=HitResult%20%3D%20%5B%22Sacrifice%22%5D%20AND%20ExitVelocity%20%3D%20%7B%7B%2050%2C%20264%20%7D%7D%20Order%20By%20Timestamp%20DESC&cp=MIXED&p=0,success,NA
duoduo_sac_fly_040.mp4,duoduo_sac_fly_040,safe,3B,2025/9/24,NYM@CHC,Crow-Armstrong,Lovelady,80.7,42,277,7,yes,https://www.mlb.com/video/pete-crow-armstrong-s-sac-fly?q=HitResult%20%3D%20%5B%22Sacrifice%22%5D%20AND%20ExitVelocity%20%3D%20%7B%7B%2050%2C%20264%20%7D%7D%20Order%20By%20Timestamp%20DESC&cp=MIXED&p=0,success,NA
diego1_sac_fly_001.mp4,diego1_sac_fly_001,safe,3B,9/26/2025,DET @ BOS,Nathaniel Lowe,Finnegan,96.6,39,347,NA,yes,https://www.mlb.com/video/nathaniel-lowe-s-sacrifice-fly?q=HitResult%20%3D%20%5B%22Sacrifice%22%5D%20Order%20By%20Timestamp%20DESC&cp=MIXED&p=1,success,
diego1_sac_fly_002.mp4,diego1_sac_fly_002,out,1B,10/5/2025,TOR @ NYY,Bellinger,Nance,83.3,25,269,NA,yes,https://www.mlb.com/video/tommy-nance-in-play-run-s-to-cody-bellinger-xfjrkj?q=HitResult%20%3D%20%5B%22Sacrifice%22%5D%20Order%20By%20Timestamp%20DESC&cp=MIXED&p=0,success,
diego1_sac_fly_003.mp4,diego1_sac_fly_003,safe,3B,10/7/2025,TOR @ NYY,Rice,Little,84.3,25,312,NA,yes,https://www.mlb.com/video/ben-rice-out-on-a-sacrifice-fly-to-right-fielder-anthony-santander-aaron?q=HitResult%20%3D%20%5B%22Sacrifice%22%5D%20Order%20By%20Timestamp%20DESC&cp=MIXED&p=0,success,
diego1_sac_fly_004.mp4,diego1_sac_fly_004,safe,3B,9/28/2025,ARI @ SDP,Cronenworth,Pfaadt,91.2,31,314,NA,yes,https://www.mlb.com/video/brandon-pfaadt-in-play-run-s-to-jake-cronenworth-g07vlg?q=HitResult%20%3D%20%5B%22Sacrifice%22%5D%20Order%20By%20Timestamp%20DESC&cp=MIXED&p=1,success,
diego1_sac_fly_005.mp4,diego1_sac_fly_005,safe,3B,10/4/2025,LAD @ PHI,Bader,Ohtani,85.8,33,326,NA,yes,https://www.mlb.com/video/shohei-ohtani-in-play-run-s-to-harrison-bader?q=HitResult%20%3D%20%5B%22Sacrifice%22%5D%20Order%20By%20Timestamp%20DESC&cp=MIXED&p=0,success,
diego1_sac_fly_006.mp4,diego1_sac_fly_006,safe,3B,9/26/2025,COL @ SFG,Eldridge,Hill,87,33,325,NA,yes,https://www.mlb.com/video/jaden-hill-in-play-run-s-to-bryce-eldridge?q=HitResult%20%3D%20%5B%22Sacrifice%22%5D%20Order%20By%20Timestamp%20DESC&cp=MIXED&p=1,success,
diego1_sac_fly_008.mp4,diego1_sac_fly_008,safe,3B,9/25/2025,ATH @ BOS,Yoshida,Ginn,88.5,54,229,NA,yes,https://www.mlb.com/video/j-t-ginn-in-play-out-s-to-masataka-yoshida?q=HitResult%20%3D%20%5B%22Sacrifice%22%5D%20Order%20By%20Timestamp%20DESC&cp=MIXED&p=3,success,
diego1_sac_fly_009.mp4,diego1_sac_fly_009,safe,3B,9/17/2025,MIA @ COL,Fulford,Weathers,94,45,343,NA,yes,https://www.mlb.com/video/braxton-fulford-out-on-a-sacrifice-fly-to-right-fielder-troy-johnston-bla?q=HitResult%20%3D%20%5B%22Sacrifice%22%5D%20Order%20By%20Timestamp%20DESC&cp=MIXED&p=3,success,
diego1_sac_fly_010.mp4,diego1_sac_fly_010,safe,3B,4/21/2021,MIA @ NYM,Smith,Detwiler,105.9,30,406,NA,yes,https://www.mlb.com/video/ross-detwiler-in-play-run-s-to-dominic-smith?q=HitResult%20%3D%20%5B%22Sacrifice%22%5D%20Order%20By%20HitDistance%20DESC&cp=MIXED&p=0,success,
diego1_sac_fly_011.mp4,diego1_sac_fly_011,out,3B,4/25/2025,CIN @ SFG,Trevino,Roupp,48.9,-27,7,NA,yes,https://www.mlb.com/video/landen-roupp-in-play-out-s-to-jose-trevino?q=HitResult%20%3D%20%5B%22Sacrifice%22%5D%20AND%20RunnersOutAt%20%3D%20%5B4%5D%20Order%20By%20ExitVelocity%20ASC&cp=MIXED&p=0,success,
diego1_sac_fly_012.mp4,diego1_sac_fly_012,out,2B,8/20/2024,MIN @ SDP,Lewis,Pérez,81.4,25,289,NA,yes,https://www.mlb.com/video/royce-lewis-flies-into-a-sacrifice-double-play-left-fielder-jurickson-pro-x4159?q=HitResult%20%3D%20%5B%22Sacrifice%22%5D%20AND%20RunnersOutAt%20%3D%20%5B4%5D%20Order%20By%20ExitVelocity%20ASC&cp=MIXED&p=0,success,
diego1_sac_fly_013.mp4,diego1_sac_fly_013,safe,3B,9/21/2025,ATL @ DET,Greene,Dodd,92.4,39,315,NA,yes,https://www.mlb.com/video/dylan-dodd-in-play-run-s-to-riley-greene?q=HitResult%20%3D%20%5B%22Sacrifice%22%5D%20Order%20By%20Timestamp%20DESC&cp=MIXED&p=2,success,
diego1_sac_fly_014.mp4,diego1_sac_fly_014,safe,1B,9/13/2025,KCR @ PHI,Walton,Bergert,29.3,-44,4,NA,yes,https://www.mlb.com/video/ryan-bergert-in-play-no-out-to-donovan-walton?q=HitResult%20%3D%20%5B%22Sacrifice%22%5D%20Order%20By%20Timestamp%20DESC&cp=MIXED&p=5,success,
diego1_sac_fly_015.mp4,diego1_sac_fly_015,safe,3B,9/13/2025,KCR @ PHI,Castellanos,Zerpa,92.4,29,357,NA,yes,https://www.mlb.com/video/angel-zerpa-in-play-run-s-to-nick-castellanos?q=HitResult%20%3D%20%5B%22Sacrifice%22%5D%20Order%20By%20Timestamp%20DESC&cp=MIXED&p=5,success,
diego1_sac_fly_016.mp4,diego1_sac_fly_016,safe,3B,9/9/2025,SFG @ AZD,Barrosa,Ray,82.9,51,235,NA,yes,https://www.mlb.com/video/jorge-barrosa-out-on-a-sacrifice-fly-to-right-fielder-drew-gilbert-jordan?q=HitResult%20%3D%20%5B%22Sacrifice%22%5D%20Order%20By%20Timestamp%20DESC&cp=MIXED&p=6,success,
diego1_sac_fly_017.mp4,diego1_sac_fly_017,safe,3B,9/8/2025,AZD @ SFG,Bailey,DeSclafani,91,40,298,NA,yes,https://www.mlb.com/video/patrick-bailey-out-on-a-sacrifice-fly-to-left-fielder-jake-mccarthy-jung-hoo-lee?q=HitResult%20%3D%20%5B%22Sacrifice%22%5D%20Order%20By%20Timestamp%20DESC&cp=MIXED&p=6,success,
diego1_sac_fly_018.mp4,diego1_sac_fly_018,safe,3B,9/6/2025,CWS @ DET,Báez,Pérez,96.2,26,353,NA,yes,https://www.mlb.com/video/javier-baez-out-on-a-sacrifice-fly-to-center-fielder-michael-a-taylor-andy-ibane?q=HitResult%20%3D%20%5B%22Sacrifice%22%5D%20Order%20By%20Timestamp%20DESC&cp=MIXED&p=6,success,
diego1_sac_fly_019.mp4,diego1_sac_fly_019,safe,3B,9/3/2025,SEA @ TBR,Lowe,Kirby,103.5,17,342,NA,yes,https://www.mlb.com/video/george-kirby-in-play-run-s-to-brandon-lowe?q=HitResult%20%3D%20%5B%22Sacrifice%22%5D%20Order%20By%20Timestamp%20DESC&cp=MIXED&p=8,success,
diego1_sac_fly_020.mp4,diego1_sac_fly_020,out,3B,8/31/2025,CIN @ STL,Herrera,Singer,85.1,26,254,NA,yes,https://www.mlb.com/video/cardinals-challenged-tag-play-call-on-the-field-was-overturned-ivan-herre?q=HitResult%20%3D%20%5B%22Sacrifice%22%5D%20Order%20By%20Timestamp%20DESC&cp=MIXED&p=9,success,
diego1_sac_fly_021.mp4,diego1_sac_fly_021,safe,3B,10/13/2025,TOR @ SEA,Crawford,Bassitt,92.1,20,293,NA,yes,https://www.mlb.com/video/j-p-crawford-out-on-a-sacrifice-fly-to-center-fielder-daulton-varsho-euge?q=HitResult%20%3D%20%5B%22Sacrifice%22%5D%20Order%20By%20Timestamp%20DESC&cp=MIXED&p=0,success,
diego1_sac_fly_022.mp4,diego1_sac_fly_022,safe,3B,10/25/2025,LAD @ TOR,Kirk,Yamamoto,102.1,39,338,NA,yes,https://www.mlb.com/video/yoshinobu-yamamoto-in-play-run-s-to-alejandro-kirk?q=HitResult%20%3D%20%5B%22Sacrifice%22%5D%20Order%20By%20Timestamp%20DESC&cp=MIXED&p=0,success,
diego1_sac_fly_023.mp4,diego1_sac_fly_023,safe,3B,9/10/2024,COL @ DET,Carpenter,Molina,103.4,23,405,NA,yes,https://www.mlb.com/video/kerry-carpenter-out-on-a-sacrifice-fly-to-center-fielder-brenton-doyle-ri?q=HitResult%20%3D%20%5B%22Sacrifice%22%5D%20Order%20By%20HitDistance%20DESC&cp=MIXED&p=0,success,
diego1_sac_fly_024.mp4,diego1_sac_fly_024,safe,3B,10/7/2025,TOR @ NYY,Stanton,Bieber,103.8,25,405,NA,yes,https://www.mlb.com/video/giancarlo-stanton-out-on-a-sacrifice-fly-to-center-fielder-daulton-varsho?q=HitResult%20%3D%20%5B%22Sacrifice%22%5D%20Order%20By%20HitDistance%20DESC&cp=MIXED&p=0,success,
diego1_sac_fly_025.mp4,diego1_sac_fly_025,safe,3B,9/1/2022,LAD @ NYM,Turner,Díaz,100.2,33,404,NA,yes,https://www.mlb.com/video/edwin-diaz-in-play-run-s-to-justin-turner?q=HitResult%20%3D%20%5B%22Sacrifice%22%5D%20Order%20By%20HitDistance%20DESC&cp=MIXED&p=0,success,
diego1_sac_fly_026.mp4,diego1_sac_fly_026,safe,3B,5/29/2023,COL @ AZD,Moreno,Kauffmann,102.6,34,403,NA,yes,https://www.mlb.com/video/karl-kauffmann-in-play-run-s-to-gabriel-moreno?q=HitResult%20%3D%20%5B%22Sacrifice%22%5D%20Order%20By%20HitDistance%20DESC&cp=MIXED&p=0,success,
diego1_sac_fly_027.mp4,diego1_sac_fly_027,safe,3B,4/11/2021,PHI @ ATL,Segura,Smyly,102.3,36,400,NA,yes,https://www.mlb.com/video/jean-segura-s-sacrifice-fly-x1609?q=HitResult%20%3D%20%5B%22Sacrifice%22%5D%20Order%20By%20HitDistance%20DESC&cp=MIXED&p=0,success,
diego2_sac_fly_001.mp4,diego2_sac_fly_001,safe,3B,2019-09-27,MIN @ KC,Soler,Berríos,89.8,45,295,NA,yes,https://www.mlb.com/video/jose-berrios-in-play-run-s-to-jorge-soler?q=Season%20%3D%20%5B2019%2C2018%5D%20AND%20HitResult%20%3D%20%5B%22Sacrifice%22%5D%20AND%20ExitVelocity%20%3D%20%7B%7B%2050%2C%20264%20%7D%7D%20Order%20By%20Timestamp%20DESC&cp=MIXED&p=0,success,
diego2_sac_fly_002.mp4,diego2_sac_fly_002,safe,3B,2019-09-24,CIN @ MIL,Hiura,Gray,85.0,30,310,NA,yes,https://www.mlb.com/video/keston-hiura-out-on-a-sacrifice-fly-to-right-fielder-aristides-aquino-trent-gris?q=Season%20%3D%20%5B2019%2C2018%5D%20AND%20HitResult%20%3D%20%5B%22Sacrifice%22%5D%20AND%20ExitVelocity%20%3D%20%7B%7B%2050%2C%20264%20%7D%7D%20Order%20By%20Timestamp%20DESC&cp=MIXED&p=0,success,
diego2_sac_fly_003.mp4,diego2_sac_fly_003,safe,3B,2019-09-22,NYM @ CIN,Aquino,Stroman,92.3,29,354,NA,yes,https://www.mlb.com/video/marcus-stroman-in-play-run-s-to-aristides-aquino?q=Season%20%3D%20%5B2019%2C2018%5D%20AND%20HitResult%20%3D%20%5B%22Sacrifice%22%5D%20AND%20ExitVelocity%20%3D%20%7B%7B%2050%2C%20264%20%7D%7D%20Order%20By%20Timestamp%20DESC&cp=MIXED&p=0,success,
diego2_sac_fly_004.mp4,diego2_sac_fly_004,safe,3B,2019-09-17,BOS @ SF,Dickerson,Kelley,101.2,29,380,NA,yes,https://www.mlb.com/video/trevor-kelley-in-play-run-s-to-alex-dickerson?q=Season%20%3D%20%5B2019%2C2018%5D%20AND%20HitResult%20%3D%20%5B%22Sacrifice%22%5D%20AND%20ExitVelocity%20%3D%20%7B%7B%2050%2C%20264%20%7D%7D%20Order%20By%20Timestamp%20DESC&cp=MIXED&p=0,success,
diego2_sac_fly_005.mp4,diego2_sac_fly_005,safe,3B,2019-09-16,MIN @ CWS,Abreu,Berríos,80.6,28,275,NA,yes,https://www.mlb.com/video/jose-berrios-in-play-run-s-to-jose-abreu-x1999?q=Season%20%3D%20%5B2019%2C2018%5D%20AND%20HitResult%20%3D%20%5B%22Sacrifice%22%5D%20AND%20ExitVelocity%20%3D%20%7B%7B%2050%2C%20264%20%7D%7D%20Order%20By%20Timestamp%20DESC&cp=MIXED&p=0,success,
diego2_sac_fly_006.mp4,diego2_sac_fly_006,safe,3B,2019-09-13,WSH @ ATL,Markakis,Scherzer,100.9,24,385,NA,yes,https://www.mlb.com/video/max-scherzer-in-play-run-s-to-nick-markakis?q=Season%20%3D%20%5B2019%2C2018%5D%20AND%20HitResult%20%3D%20%5B%22Sacrifice%22%5D%20AND%20ExitVelocity%20%3D%20%7B%7B%2050%2C%20264%20%7D%7D%20Order%20By%20Timestamp%20DESC&cp=MIXED&p=0,success,
diego2_sac_fly_007.mp4,diego2_sac_fly_007,safe,3B,2019-09-11,BOS @ TOR,Guerrero,Kelley,91.9,20,329,NA,yes,https://www.mlb.com/video/vladimir-guerrero-jr-out-on-a-sacrifice-fly-to-left-fielder-andrew-benintendi-ca?q=Season%20%3D%20%5B2019%2C2018%5D%20AND%20HitResult%20%3D%20%5B%22Sacrifice%22%5D%20AND%20ExitVelocity%20%3D%20%7B%7B%2050%2C%20264%20%7D%7D%20Order%20By%20Timestamp%20DESC&cp=MIXED&p=0,success,
diego2_sac_fly_008.mp4,diego2_sac_fly_008,safe,3B,2019-09-9,NYY @ BOS,Hampson,Musgrove,94.9,44,315,NA,yes,https://www.mlb.com/video/gleyber-torres-out-on-a-sacrifice-fly-to-left-fielder-gorkys-hernandez-dj-lemahi?q=Season%20%3D%20%5B2019%2C2018%5D%20AND%20HitResult%20%3D%20%5B%22Sacrifice%22%5D%20AND%20ExitVelocity%20%3D%20%7B%7B%2050%2C%20264%20%7D%7D%20Order%20By%20Timestamp%20DESC&cp=MIXED&p=0,success,
diego2_sac_fly_009.mp4,diego2_sac_fly_009,safe,3B,2023-10-31,AZ @ TEX,Pham,Stratton,99.9,18,306,NA,yes,https://www.mlb.com/video/pham-impulsa-con-elevado?q=HitResult%20%3D%20%5B%22Sacrifice%22%5D%20AND%20ExitVelocity%20%3D%20%7B%7B%2050%2C%20264%20%7D%7D%20AND%20Season%20%3D%20%5B2023%2C2020%5D%20Order%20By%20Timestamp%20DESC&cp=MIXED&p=0,success,
diego2_sac_fly_010.mp4,diego2_sac_fly_010,safe,3B,2023-10-31,TEX @ AZ,Gurriel,Heaney,95.5,33,339,NA,yes,https://www.mlb.com/video/gurriel-jr-impulsa-con-elevado?q=HitResult%20%3D%20%5B%22Sacrifice%22%5D%20AND%20ExitVelocity%20%3D%20%7B%7B%2050%2C%20264%20%7D%7D%20AND%20Season%20%3D%20%5B2023%2C2020%5D%20Order%20By%20Timestamp%20DESC&cp=MIXED&p=0,success,
diego2_sac_fly_011.mp4,diego2_sac_fly_011,safe,3B,2023-10-24,PHI @ AZ,Carroll,Alvarado,82.8,34,305,NA,yes,https://www.mlb.com/video/jose-alvarado-in-play-run-s-to-corbin-carroll?q=HitResult%20%3D%20%5B%22Sacrifice%22%5D%20AND%20ExitVelocity%20%3D%20%7B%7B%2050%2C%20264%20%7D%7D%20AND%20Season%20%3D%20%5B2023%2C2020%5D%20Order%20By%20Timestamp%20DESC&cp=MIXED&p=0,success,
diego2_sac_fly_012.mp4,diego2_sac_fly_012,safe,3B,2023-10-22,TEX @ HOU,Dubón,Eovaldi,91.8,29,337,NA,yes,https://www.mlb.com/video/mauricio-dubon-out-on-a-sacrifice-fly-to-right-fielder-adolis-garcia-yord?q=HitResult%20%3D%20%5B%22Sacrifice%22%5D%20AND%20ExitVelocity%20%3D%20%7B%7B%2050%2C%20264%20%7D%7D%20AND%20Season%20%3D%20%5B2023%2C2020%5D%20Order%20By%20Timestamp%20DESC&cp=MIXED&p=0,success,
diego2_sac_fly_013.mp4,diego2_sac_fly_013,safe,3B,2023-10-20,AZ @ PHI,Turner,Thompson,105.1,16,299,NA,yes,https://www.mlb.com/video/trea-turner-out-on-a-sacrifice-fly-to-left-fielder-lourdes-gurriel-jr-joh?q=HitResult%20%3D%20%5B%22Sacrifice%22%5D%20AND%20ExitVelocity%20%3D%20%7B%7B%2050%2C%20264%20%7D%7D%20AND%20Season%20%3D%20%5B2023%2C2020%5D%20Order%20By%20Timestamp%20DESC&cp=MIXED&p=0,success,
diego2_sac_fly_014.mp4,diego2_sac_fly_014,safe,3B,2023-10-19,TEX @ HOU,Alvarez,Bradford,110.7,37,401,NA,yes,https://www.mlb.com/video/elevado-de-sacrificio-de-alvarez-x8424?q=HitResult%20%3D%20%5B%22Sacrifice%22%5D%20AND%20ExitVelocity%20%3D%20%7B%7B%2050%2C%20264%20%7D%7D%20AND%20Season%20%3D%20%5B2023%2C2020%5D%20Order%20By%20Timestamp%20DESC&cp=MIXED&p=0\,success,
diego2_sac_fly_015.mp4,diego2_sac_fly_015,safe,3B,2023-10-17,AZ @ PHI,Castellanos,Nelson,97.2,31,360,NA,yes,https://www.mlb.com/video/nick-castellanos-sacrifice-fly-x0935?q=HitResult%20%3D%20%5B%22Sacrifice%22%5D%20AND%20ExitVelocity%20%3D%20%7B%7B%2050%2C%20264%20%7D%7D%20AND%20Season%20%3D%20%5B2023%2C2020%5D%20Order%20By%20Timestamp%20DESC&cp=MIXED&p=0,success,
sacfly057_sac_fly_042.mp4,sacfly057_sac_fly_042,out,2B,,,,,94.1,42,309,6,yes,https://www.mlb.com/video/ryan-bergert-in-play-out-s-to-daniel-schneemann?q=HitResult%20%3D%20%5B%22Double%20Play%22%5D%20AND%20HitDistance%20%3D%20%7B%7B%20270%2C%20790%20%7D%7D%20AND%20ExitVelocity%20%3D%20%7B%7B%2074%2C%20264%20%7D%7D%20Order%20By%20Timestamp%20DESC&cp=MIXED&p=0,success,
sacfly057_sac_fly_043.mp4,sacfly057_sac_fly_043,out,3B,,,,,75.5,34,270,5,yes,https://www.mlb.com/video/taylor-rogers-in-play-out-s-to-sal-frelick-x4401?q=HitResult%20%3D%20%5B%22Double%20Play%22%5D%20AND%20HitDistance%20%3D%20%7B%7B%20270%2C%20790%20%7D%7D%20AND%20ExitVelocity%20%3D%20%7B%7B%2074%2C%20264%20%7D%7D%20Order%20By%20Timestamp%20DESC&cp=MIXED&p=0,success,
sacfly057_sac_fly_044.mp4,sacfly057_sac_fly_044,out,3B,,,,,100.8,54,278,5,yes,https://www.mlb.com/video/dean-kremer-in-play-run-s-to-bo-bichette-63735?q=HitResult%20%3D%20%5B%22Double%20Play%22%5D%20AND%20HitDistance%20%3D%20%7B%7B%20270%2C%20790%20%7D%7D%20AND%20ExitVelocity%20%3D%20%7B%7B%2074%2C%20264%20%7D%7D%20Order%20By%20Timestamp%20DESC&cp=MIXED&p=0,success,
sacfly057_sac_fly_045.mp4,sacfly057_sac_fly_045,out,1B,,,,,92.3,40,316,6,yes,https://www.mlb.com/video/miles-mikolas-in-play-out-s-to-gavin-sheets-5emgjd?q=HitResult%20%3D%20%5B%22Double%20Play%22%5D%20AND%20HitDistance%20%3D%20%7B%7B%20270%2C%20790%20%7D%7D%20AND%20ExitVelocity%20%3D%20%7B%7B%2074%2C%20264%20%7D%7D%20Order%20By%20Timestamp%20DESC&cp=MIXED&p=0,success,
sacfly057_sac_fly_046.mp4,sacfly057_sac_fly_046,out,2B,,,,,91.6,21,298,3,yes,https://www.mlb.com/video/jeremiah-estrada-in-play-out-s-to-brady-house?q=HitResult%20%3D%20%5B%22Double%20Play%22%5D%20AND%20HitDistance%20%3D%20%7B%7B%20270%2C%20790%20%7D%7D%20AND%20ExitVelocity%20%3D%20%7B%7B%2074%2C%20264%20%7D%7D%20Order%20By%20Timestamp%20DESC&cp=MIXED&p=1,success,
sacfly057_sac_fly_047.mp4,sacfly057_sac_fly_047,out,3B,,,,,81,36,279,5,yes,https://www.mlb.com/video/orion-kerkering-in-play-out-s-to-brent-rooker?q=HitResult%20%3D%20%5B%22Double%20Play%22%5D%20AND%20HitDistance%20%3D%20%7B%7B%20270%2C%20790%20%7D%7D%20AND%20ExitVelocity%20%3D%20%7B%7B%2074%2C%20264%20%7D%7D%20Order%20By%20Timestamp%20DESC&cp=MIXED&p=1,success,
sacfly057_sac_fly_048.mp4,sacfly057_sac_fly_048,out,3B,,,,,100.1,53,270,6,yes,https://www.mlb.com/video/christian-encarnacion-strand-flies-into-a-double-play-center-fielder-nola-x7823?q=HitResult%20%3D%20%5B%22Double%20Play%22%5D%20AND%20HitDistance%20%3D%20%7B%7B%20270%2C%20790%20%7D%7D%20AND%20ExitVelocity%20%3D%20%7B%7B%2074%2C%20264%20%7D%7D%20Order%20By%20Timestamp%20DESC&cp=MIXED&p=1,success,
sacfly057_sac_fly_049.mp4,sacfly057_sac_fly_049,out,2B,,,,,94.1,42,309,6,yes,https://www.mlb.com/video/ryan-bergert-in-play-out-s-to-daniel-schneemann?q=HitResult%20%3D%20%5B%22Double%20Play%22%5D%20AND%20HitDistance%20%3D%20%7B%7B%20130%2C%20790%20%7D%7D%20AND%20ExitVelocity%20%3D%20%7B%7B%2074%2C%20264%20%7D%7D%20Order%20By%20Timestamp%20DESC&cp=MIXED&p=1,success,
sacfly057_sac_fly_050.mp4,sacfly057_sac_fly_050,out,3B,,,,,78.6,29,278,4,yes,https://www.mlb.com/video/matt-mclain-lines-into-a-double-play-left-fielder-nathan-lukes-to-catcher-x4134?q=HitResult%20%3D%20%5B%22Double%20Play%22%5D%20AND%20HitDistance%20%3D%20%7B%7B%20130%2C%20790%20%7D%7D%20AND%20ExitVelocity%20%3D%20%7B%7B%2074%2C%20264%20%7D%7D%20Order%20By%20Timestamp%20DESC&cp=MIXED&p=1,success,
sacfly057_sac_fly_051.mp4,sacfly057_sac_fly_051,out,3B,,,,,75.5,34,270,4,yes,https://www.mlb.com/video/taylor-rogers-in-play-out-s-to-sal-frelick-x4401?q=HitResult%20%3D%20%5B%22Double%20Play%22%5D%20AND%20HitDistance%20%3D%20%7B%7B%20205%2C%20790%20%7D%7D%20AND%20ExitVelocity%20%3D%20%7B%7B%2074%2C%20264%20%7D%7D%20Order%20By%20Timestamp%20DESC&cp=MIXED&p=0,success,
sacfly057_sac_fly_052.mp4,sacfly057_sac_fly_052,out,2B,,,,,101.2,22,378,5,yes,https://www.mlb.com/video/ryan-mcmahon-lines-into-a-double-play-center-fielder-blake-perkins-to-sho?q=Season%20%3D%20%5B2024%5D%20AND%20HitResult%20%3D%20%5B%22Double%20Play%22%5D%20AND%20HitDistance%20%3D%20%7B%7B%20240%2C%20790%20%7D%7D%20AND%20ExitVelocity%20%3D%20%7B%7B%2076%2C%20264%20%7D%7D%20Order%20By%20Timestamp%20DESC&cp=MIXED&p=0,success,
sacfly057_sac_fly_053.mp4,sacfly057_sac_fly_053,out,2B,,,,,95.7,19,293,4,yes,https://www.mlb.com/video/brewers-challenge-tag-play-rhys-hoskins-flies-into-a-double-play-center-f-tmwosu?q=Season%20%3D%20%5B2024%5D%20AND%20HitResult%20%3D%20%5B%22Double%20Play%22%5D%20AND%20HitDistance%20%3D%20%7B%7B%20240%2C%20790%20%7D%7D%20AND%20ExitVelocity%20%3D%20%7B%7B%2076%2C%20264%20%7D%7D%20Order%20By%20Timestamp%20DESC&cp=MIXED&p=0,success,
sacfly057_sac_fly_054.mp4,sacfly057_sac_fly_054,out,3B,,,,,94.1,51,275,7,yes,https://www.mlb.com/video/domingo-german-in-play-out-s-to-cody-bellinger?q=Season%20%3D%20%5B2024%5D%20AND%20HitResult%20%3D%20%5B%22Double%20Play%22%5D%20AND%20HitDistance%20%3D%20%7B%7B%20240%2C%20790%20%7D%7D%20AND%20ExitVelocity%20%3D%20%7B%7B%2076%2C%20264%20%7D%7D%20Order%20By%20Timestamp%20DESC&cp=MIXED&p=0,success,
sacfly057_sac_fly_055.mp4,sacfly057_sac_fly_055,out,2B,,,,,89.3,24,303,4,yes,https://www.mlb.com/video/jonathan-cannon-in-play-out-s-to-coby-mayo-5rzcl6-x7866?q=Season%20%3D%20%5B2024%5D%20AND%20HitResult%20%3D%20%5B%22Double%20Play%22%5D%20AND%20HitDistance%20%3D%20%7B%7B%20240%2C%20790%20%7D%7D%20AND%20ExitVelocity%20%3D%20%7B%7B%2076%2C%20264%20%7D%7D%20Order%20By%20Timestamp%20DESC&cp=MIXED&p=0,success,
sacfly057_sac_fly_056.mp4,sacfly057_sac_fly_056,out,2B,,,,,91.3,21,299,3,yes,https://www.mlb.com/video/austin-gomber-in-play-out-s-to-austin-slater-8xdixa?q=Season%20%3D%20%5B2024%5D%20AND%20HitResult%20%3D%20%5B%22Double%20Play%22%5D%20AND%20HitDistance%20%3D%20%7B%7B%20240%2C%20790%20%7D%7D%20AND%20ExitVelocity%20%3D%20%7B%7B%2076%2C%20264%20%7D%7D%20Order%20By%20Timestamp%20DESC&cp=MIXED&p=0,success,
sacfly057_sac_fly_057.mp4,sacfly057_sac_fly_057,out,3B,,,,,85.6,49,252,6,yes,https://www.mlb.com/video/greg-weissert-in-play-out-s-to-george-springer-08uzkg?q=Season%20%3D%20%5B2024%5D%20AND%20HitResult%20%3D%20%5B%22Double%20Play%22%5D%20AND%20HitDistance%20%3D%20%7B%7B%20240%2C%20790%20%7D%7D%20AND%20ExitVelocity%20%3D%20%7B%7B%2076%2C%20264%20%7D%7D%20Order%20By%20Timestamp%20DESC&cp=MIXED&p=0,success,
sacfly057_sac_fly_058.mp4,sacfly057_sac_fly_058,out,3B,,,,,84.2,24,301,3,yes,https://www.mlb.com/video/william-contreras-lines-into-a-double-play-center-fielder-kevin-kiermaier?q=Season%20%3D%20%5B2024%5D%20AND%20HitResult%20%3D%20%5B%22Double%20Play%22%5D%20AND%20HitDistance%20%3D%20%7B%7B%20240%2C%20790%20%7D%7D%20AND%20ExitVelocity%20%3D%20%7B%7B%2076%2C%20264%20%7D%7D%20Order%20By%20Timestamp%20DESC&cp=MIXED&p=0,success,
sacfly057_sac_fly_059.mp4,sacfly057_sac_fly_059,out,2B,,,,,85.3,32,284,4,yes,https://www.mlb.com/video/brent-honeywell-in-play-out-s-to-j-t-realmuto-bsvvnw?q=Season%20%3D%20%5B2024%5D%20AND%20HitResult%20%3D%20%5B%22Double%20Play%22%5D%20AND%20HitDistance%20%3D%20%7B%7B%20240%2C%20790%20%7D%7D%20AND%20ExitVelocity%20%3D%20%7B%7B%2076%2C%20264%20%7D%7D%20Order%20By%20Timestamp%20DESC&cp=MIXED&p=0,success,
sacfly057_sac_fly_060.mp4,sacfly057_sac_fly_060,out,3B,,,,,98.5,59,251,6,yes,https://www.mlb.com/video/jake-irvin-in-play-out-s-to-rhys-hoskins?q=Season%20%3D%20%5B2024%5D%20AND%20HitResult%20%3D%20%5B%22Double%20Play%22%5D%20AND%20HitDistance%20%3D%20%7B%7B%20240%2C%20790%20%7D%7D%20AND%20ExitVelocity%20%3D%20%7B%7B%2076%2C%20264%20%7D%7D%20Order%20By%20Timestamp%20DESC&cp=MIXED&p=1,success,
sacfly057_sac_fly_061.mp4,sacfly057_sac_fly_061,out,3B,,,,,82.2,41,260,5,yes,https://www.mlb.com/video/brady-singer-in-play-out-s-to-miguel-amaya-x4743?q=Season%20%3D%20%5B2024%5D%20AND%20HitResult%20%3D%20%5B%22Double%20Play%22%5D%20AND%20HitDistance%20%3D%20%7B%7B%20240%2C%20790%20%7D%7D%20AND%20ExitVelocity%20%3D%20%7B%7B%2076%2C%20264%20%7D%7D%20Order%20By%20Timestamp%20DESC&cp=MIXED&p=1,success,
